Age ,Ville, Sexe , spécialité_BAC , Nationale , examen_Régional , Note_Générale , Français ,  Anglais , Loisirs , préférée ,  détestée , Skills ,  Spécialité , performance, satisfaction
22,Mohammedia,Ville,Femme,Sciences Physiques,"15,6","13,6","15,64",Intermédiaire,Intermédiaire,"Lecture, Sport, Voyage, Arts plastiques (peinture, dessin, sculpture, etc.)",Mathématiques,None,"Adaptabilité, Créativité",Physique,5,2
25,Meknes,Mohammedia,Femme,Sciences Physiques,10,17,13,Fluent,Avancé,"Lecture, Bénévolat, Ecriture",Chimie,Mathématiques,"Adaptabilité, Créativité, Autonomie",Biologie,8,5
18,Marrakech,Meknes,Femme,Sciences Physiques,14,"14,6",15,Intermédiaire,Intermédiaire,"Lecture, Voyage, Bénévolat, Technologie (programmation, bricolage électronique, etc.)",Informatique,Biologie,"Adaptabilité, Créativité, Esprit critique",Informatique,4,4
21,Taourirt,Marrakech,Homme,Sciences Physiques,14,15,15,Avancé,Intermédiaire,"Sport, Jeux vidéo",Informatique,Langues,"Adaptabilité, Créativité, Résolution de problèmes",Informatique,7,4
22,Marrakech,Taourirt,Homme,Sciences Physiques,12,"15,25","13,71",Intermédiaire,Avancé,"Sport, Voyage, Technologie (programmation, bricolage électronique, etc.)",Informatique,Physique,"Adaptabilité, Créativité, Résolution de problèmes",Informatique,4,5
19,Salé,Salé,Homme,Sciences Physiques,"11,61","17,45","13,76",Avancé,Avancé,Sport,Biologie,Histoire,"Adaptabilité, Créativité, Résolution de problèmes, Autonomie",Médecine,7,4
18,Casablanca,Casablanca,Homme,Sciences Économiques,17,"15,98","17,5",Avancé,Intermédiaire,"Lecture, Sport, Cinéma, Ecriture",Littérature,Physique,"Adaptabilité, Créativité, Résolution de problèmes, Esprit critique",Economie,8,5
20,Rabat,Rabat,Femme,Sciences Physiques,17,18,18,Avancé,Intermédiaire,"Lecture, Arts plastiques (peinture, dessin, sculpture, etc.), Bénévolat, Ecriture","Mathématiques,Littérature,Langues,Histoire",None,"Adaptabilité, Créativité, Résolution de problèmes, Esprit critique, Autonomie",Ingénierie,7,4
18,Fes,Fes,Homme,Sciences Mathématiques,"11,5","15,8","12,42",Avancé,Fluent,"Sport, Jeux vidéo, Technologie (programmation, bricolage électronique, etc.)",Mathématiques,Philosophie,"Adaptabilité, Créativité, Résolution de problèmes, Leadership, Empathie, Esprit critique, Autonomie",Economie,7,2
20,Meknes,El Hajeb,Homme,Sciences Physiques,"14,27","15,2","15,58",Intermédiaire,Intermédiaire,"Lecture, Musique, Jeux vidéo",Informatique,Langues,"Adaptabilité, Empathie, Autonomie",Informatique,8,5
30,El Hajeb,Sidi Slimane,Femme,Sciences de la Vie et de la Terre,11,12,11,Intermédiaire,Débutant,"Lecture, Voyage, Photographie, Cuisson",Biologie,Physique,"Adaptabilité, Empathie, Ecoute,Gestion du stress",Éducation,6,1
20,Fes,Tanger,Homme,Sciences Mathématiques,"9,31","17,5","13,27",Avancé,Avancé,"Lecture, Sport, Musique, Voyage, Cinéma, Jeux vidéo, Arts plastiques (peinture, dessin, sculpture, etc.), Technologie (programmation, bricolage électronique, etc.), Ecriture, Photographie",Physique,None,"Adaptabilité, Résolution de problèmes, Esprit critique, Autonomie",Ingénierie,2,5
19,Salé,Taza,Homme,Sciences Physiques,"11,51","15,55",13,Intermédiaire,Avancé,"Voyage, Technologie (programmation, bricolage électronique, etc.), chess",Informatique,Biologie,"Adaptabilité, Résolution de problèmes, Leadership",Informatique,8,5
19,Fes,Tétouan ,Femme,Sciences Physiques,"12,14","14,43","14,02",Intermédiaire,Avancé,"Lecture, Musique, Cinéma",Informatique,Histoire,Communication,Informatique,5,3
18,Casablanca,Azrou,Homme,Sciences Physiques,13,"15,05",14,Avancé,Intermédiaire,"Sport, Musique, Voyage, Jeux vidéo, Technologie (programmation, bricolage électronique, etc.)",Mathématiques,Littérature,Communication,Informatique,5,4
17,Marrakech,Oujda,Homme,Sciences Physiques,"15,55","16,65","16,71",Avancé,Intermédiaire,"Lecture, Cinéma, Arts plastiques (peinture, dessin, sculpture, etc.)",Biologie,Mathématiques,Communication,Biologie,4,1
19,Salé,Nador,Homme,Sciences Économiques,"8,4","13,83","10,9",Intermédiaire,Avancé,"Sport, Musique",Langues,Mathématiques,"Communication, Adaptabilité, Créativité",Langues étrangères,6,2
31,Casablanca,Agadir,Homme,Lettres,14,9,12,Intermédiaire,Fluent,"Lecture, Sport, Musique, Photographie",Langues,None,"Communication, Adaptabilité, Créativité, Autonomie",Langues étrangères,8,3
21,Sidi Slimane,Safi,Homme,Sciences Physiques,"16,97","17,45","17,24",Avancé,Avancé,Sport,Physique,Histoire,"Communication, Adaptabilité, Créativité, Résolution de problèmes",Ingénierie,8,4
19,Fes,Qatar,Femme,Sciences Physiques,"12,01","16,97","14,1",Avancé,Intermédiaire,"Lecture, Musique, Voyage, Jeux vidéo, Arts plastiques (peinture, dessin, sculpture, etc.), Technologie (programmation, bricolage électronique, etc.)",Informatique,Biologie,"Communication, Adaptabilité, Esprit critique",Informatique,7,4
19,Tanger,Khenifra,Femme,Sciences Économiques,"11,77","13,65",12,Avancé,Avancé,"Lecture, Musique, Technologie (programmation, bricolage électronique, etc.), Photographie",Langues,Mathématiques,"Communication, Créativité, Leadership, Autonomie",Economie,4,4
20,Taza,Salè,Femme,Sciences Physiques,"15,78","17,4","16,62",Avancé,Avancé,"Sport, Technologie (programmation, bricolage électronique, etc.)",Informatique,None,"Communication, Créativité, Résolution de problèmes",Informatique,9,5
28,Rabat,Alhoceima,Femme,Sciences Physiques,14,16,14,Avancé,Intermédiaire,"Sport, Voyage, Bénévolat, Photographie",Biologie,Physique,"Communication, Créativité, Résolution de problèmes, Empathie",Biologie,6,3
21,Tétouan ,Temara,Homme,Sciences Physiques,16,15,"15,5",Intermédiaire,Avancé,Rien,Informatique,None,"Communication, Empathie",Informatique,7,5
19,Fes,Berkane ,Homme,Sciences Physiques,"12,66","16,5",15,Intermédiaire,Intermédiaire,"Sport, Musique, Voyage",Physique,Littérature,"Communication, Esprit critique, Autonomie",Informatique,3,2
29,Azrou,Mrirt,Femme,Sciences Physiques,"15,15","13,25","15,37",Intermédiaire,Débutant,"Sport, Musique, Voyage, Arts plastiques (peinture, dessin, sculpture, etc.), Ecriture",Mathématiques,Langues,"Communication, Gestion du temps",Ingénierie,7,4
20,Oujda,Taroudant,Femme,Sciences Physiques,16,17,16,Avancé,Avancé,"Cinéma, Photographie",Biologie,Mathématiques,"Communication, Gestion du temps, Adaptabilité, Leadership",Economie,7,3
20,Fes,Ouazzane,Femme,Sciences Mathématiques,13,"17,9","15,36",Avancé,Avancé,"Lecture, Musique, Voyage, Arts plastiques (peinture, dessin, sculpture, etc.), Technologie (programmation, bricolage électronique, etc.), Ecriture, Photographie",Biologie,Histoire,"Communication, Gestion du temps, Adaptabilité, Leadership, Empathie, Esprit critique, Autonomie",Médecine,8,5
19,Nador,Sefrou,Femme,Sciences Physiques,"10,98",15,"13,16",Intermédiaire,Intermédiaire,Ecriture,Chimie,None,"Communication, Gestion du temps, Résolution de problèmes",Chimie,8,5
24,Agadir,Midelt,Homme,Sciences de la Vie et de la Terre,"9,26","12,6","10,76",Intermédiaire,Intermédiaire,"Sport, Technologie (programmation, bricolage électronique, etc.)",Biologie,Histoire,"Communication, Gestion du temps, Résolution de problèmes, Esprit critique",Biologie,1,3
18,Safi,Khouribga,Homme,Sciences Physiques,"17,2","16,8","17,32",Avancé,Intermédiaire,"Sport, Cinéma, Jeux vidéo",Physique,None,"Communication, Résolution de problèmes, Leadership",Médecine,8,5
18,Rabat,Ain Taoujdate,Femme,Sciences de la Vie et de la Terre,"7,6","16,9","12,54",Intermédiaire,Intermédiaire,"Lecture, Sport, Musique",Histoire,Mathématiques,"Communication, Travail en équipe, Adaptabilité, Créativité, Leadership, Empathie",Economie,4,2
19,Fes,Ain Dorij,Femme,Sciences Mathématiques,"11,9","18,6","15,42",Fluent,Fluent,"Lecture, Musique, Voyage, Arts plastiques (peinture, dessin, sculpture, etc.), Ecriture, Photographie",Biologie,None,"Communication, Travail en équipe, Adaptabilité, Créativité, Leadership, Esprit critique, Autonomie",Informatique,6,5
18,Fes,Tantan,Femme,Sciences Physiques,"16,89","17,75","16,34",Intermédiaire,Débutant,"Musique, Bénévolat, Photographie",Langues,Biologie,"Communication, Travail en équipe, Adaptabilité, Créativité, Résolution de problèmes",Economie,7,4
43,Qatar,Immouzzer Kandar,Homme,Lettres,"13,36",12,"11,82",Avancé,Intermédiaire,"Lecture, Sport, Musique, Voyage, Cinéma, Photographie","Philosophie,Littérature","Biologie,Physique,Mathématiques","Communication, Travail en équipe, Adaptabilité, Créativité, Résolution de problèmes",Sciences humaines et sociales,8,5
18,Fes,Larache,Femme,Sciences Mathématiques,"11,27","17,45","14,57",Fluent,Intermédiaire,"Voyage, Bénévolat, Ecriture, Débat - public speaking",Mathématiques,Informatique,"Communication, Travail en équipe, Adaptabilité, Créativité, Résolution de problèmes, Empathie, Esprit critique, Autonomie",Economie,8,4
19,Salé,Rich,Homme,Sciences Physiques,9,16,9,Intermédiaire,Avancé,"Lecture, Technologie (programmation, bricolage électronique, etc.), Ecriture, Photographie",Philosophie,Mathématiques,"Communication, Travail en équipe, Adaptabilité, Créativité, Résolution de problèmes, Leadership",Informatique,5,4
20,Fes,Béni Mellal ,Homme,Sciences Mathématiques,16,"19,15","17,59",Avancé,Avancé,"Sport, Musique, Jeux vidéo, Ecriture",Physique,None,"Communication, Travail en équipe, Adaptabilité, Leadership, Esprit critique",Ingénierie,7,4
18,Fes,,Femme,Sciences Physiques,"15,76","16,35","16,63",Avancé,Intermédiaire,"Musique, Voyage, Cinéma",Biologie,Mathématiques,"Communication, Travail en équipe, Adaptabilité, Leadership, Esprit critique, Autonomie",Economie,5,2
31,Khenifra,,Femme,Sciences Physiques,12,"14,05","13,49",Avancé,Intermédiaire,"Lecture, Musique, Cinéma, Jeux vidéo",Physique,Biologie,"Communication, Travail en équipe, Adaptabilité, Résolution de problèmes",Physique,7,2
24,Fes,,Femme,Sciences Physiques,"19,21","17,75","18,6",Intermédiaire,Débutant,"Lecture, Ecriture",Médecine,None,"Communication, Travail en équipe, Adaptabilité, Résolution de problèmes, Empathie",Médecine,8,5
21,Salé,,Homme,Sciences Physiques,"16,4","17,2","16,8",Avancé,Fluent,,Mathématiques,Biologie,"Communication, Travail en équipe, Adaptabilité, Résolution de problèmes, Esprit critique",Ingénierie,7,4
18,Fes,,Homme,Sciences Physiques,"14,48","14,75","14,86",Intermédiaire,Intermédiaire,Jeux vidéo,Biologie,Mathématiques,"Communication, Travail en équipe, Adaptabilité, Résolution de problèmes, Esprit critique",Médecine,10,5
31,Fes,,Femme,Sciences Mathématiques,"12,5",14,"12,5",Fluent,Intermédiaire,"Sport, Jeux vidéo",Informatique,Mathématiques,"Communication, Travail en équipe, Adaptabilité, Résolution de problèmes, Leadership, Esprit critique",Informatique,8,4
21,Rabat,,Homme,Sciences Physiques,"13,16","15,3","14,61",Intermédiaire,Avancé,"Musique, Voyage, Cinéma, Jeux vidéo, Technologie (programmation, bricolage électronique, etc.), Photographie",Informatique,Littérature,"Communication, Travail en équipe, Adaptabilité, Résolution de problèmes, Leadership, Esprit critique, Autonomie",Informatique,9,5
19,Fes,,Homme,Sciences Physiques,"13,5","16,9","14,6",Intermédiaire,Intermédiaire,"Sport, Musique, Jeux vidéo, Technologie (programmation, bricolage électronique, etc.)",Informatique,Mathématiques,"Communication, Travail en équipe, Créativité",Informatique,6,5
23,Salè,,Homme,Sciences de la Vie et de la Terre,"14,21",9,"13,25",Intermédiaire,Intermédiaire,"Musique, Voyage, Bénévolat",Mathématiques,None,"Communication, Travail en équipe, Créativité",Economie,7,4
20,Fes,,Femme,Sciences Physiques,10,16,13,Avancé,Intermédiaire,"Sport, Voyage, Cinéma, Photographie",Physique,Mathématiques,"Communication, Travail en équipe, Créativité, Leadership",Economie,7,5
19,Fes,,Femme,Sciences et Technologies Mécaniques,13,"14,7",13,Avancé,Avancé,"Lecture, Musique, Voyage, Technologie (programmation, bricolage électronique, etc.), Photographie",Mathématiques,None,"Communication, Travail en équipe, Créativité, Résolution de problèmes, Leadership",Ingénierie,8,5
21,Rabat,,Femme,Sciences Physiques,17,17,"17,8",Avancé,Intermédiaire,"Lecture, Sport, Voyage, Bénévolat, Technologie (programmation, bricolage électronique, etc.), Photographie",Informatique,Histoire,"Communication, Travail en équipe, Créativité, Résolution de problèmes, Leadership, Empathie, Esprit critique, Autonomie",Ingénierie,8,4
22,Alhoceima,,Femme,Sciences Physiques,"16,63","16,1","16,97",Avancé,Intermédiaire,"Lecture, Arts plastiques (peinture, dessin, sculpture, etc.), Technologie (programmation, bricolage électronique, etc.)",Mathématiques,None,"Communication, Travail en équipe, Créativité, Résolution de problèmes, Leadership, Esprit critique",Ingénierie,7,4
25,Fes,,Homme,Sciences de la Vie et de la Terre,"12,7","16,5",12,Fluent,Fluent,"Lecture, Sport, Musique, Voyage, Ecriture",Biologie,Mathématiques,"Communication, Travail en équipe, Créativité, Résolution de problèmes, Leadership, Esprit critique, Autonomie",Droit,6,3
19,Fes,,Femme,Sciences Physiques,"10,49","14,8","13,27",Intermédiaire,Débutant,"Lecture, Musique, Voyage",Comptabilité,None,"Communication, Travail en équipe, Esprit critique",Economie,5,3
22,Rabat,,Homme,Sciences Physiques,"16,02","10,65","14,38",Avancé,Intermédiaire,"Lecture, Voyage, Cinéma",Physique,None,"Communication, Travail en équipe, Esprit critique",Physique,9,5
22,Meknes,,Homme,Sciences Physiques,11,"15,75","13,37",Avancé,Intermédiaire,"Voyage, Jeux vidéo, Bénévolat",Biologie,Mathématiques,"Communication, Travail en équipe, Gestion du temps",Droit,9,5
19,Salé,,Homme,Sciences Physiques,10,17,13,Intermédiaire,Débutant,"Sport, Musique, Voyage, Bénévolat",Marketing,Physique,"Communication, Travail en équipe, Gestion du temps, Adaptabilité",Economie,5,5
24,Temara,,Homme,Sciences Physiques,14,10,12,Intermédiaire,Intermédiaire,"Technologie (programmation, bricolage électronique, etc.),",Informatique,Biologie,"Communication, Travail en équipe, Gestion du temps, Adaptabilité, Créativité, Résolution de problèmes, Leadership",Informatique,7,5
20,Berkane ,,Femme,Sciences Physiques,"12,82","17,66","15,5",Avancé,Débutant,"Lecture, Sport, Voyage, Arts plastiques (peinture, dessin, sculpture, etc.), Photographie",Informatique,Histoire,"Communication, Travail en équipe, Gestion du temps, Adaptabilité, Créativité, Résolution de problèmes, Leadership, Autonomie",Informatique,8,5
22,Oujda,,Homme,Sciences et Technologies Électriques,"14,34","15,3","14,58",Avancé,Avancé,"Sport, Musique, Jeux vidéo, Anime",Physique,Littérature,"Communication, Travail en équipe, Gestion du temps, Adaptabilité, Créativité, Résolution de problèmes, Leadership, Empathie",Ingénierie,8,4
19,Salé,,Homme,Sciences de la Vie et de la Terre,"9,06","13,85","11,44",Intermédiaire,Avancé,"Sport, Jeux vidéo, Technologie (programmation, bricolage électronique, etc.), Photographie",Histoire,Biologie,"Communication, Travail en équipe, Gestion du temps, Adaptabilité, Créativité, Résolution de problèmes, Leadership, Empathie, Esprit critique",Biologie,4,2
21,Fes,,Homme,Sciences Physiques,"15,28","16,5","16,41",Avancé,Avancé,"Sport, Musique, Voyage, Cinéma, Jeux vidéo, Bénévolat",Politiques internationales et publiques,None,"Communication, Travail en équipe, Gestion du temps, Adaptabilité, Créativité, Résolution de problèmes, Leadership, Empathie, Esprit critique",Sciences politiques,8,4
33,Mrirt,,Femme,Sciences Physiques,12,10,11,Avancé,Intermédiaire,"Lecture, Sport, Voyage, Arts plastiques (peinture, dessin, sculpture, etc.), Technologie (programmation, bricolage électronique, etc.), Ecriture",Histoire,Biologie,"Communication, Travail en équipe, Gestion du temps, Adaptabilité, Créativité, Résolution de problèmes, Leadership, Empathie, Esprit critique, Autonomie",Chimie,10,4
18,Fes,,Homme,Sciences Mathématiques,"12,5",18,"15,5",Avancé,Intermédiaire,"Sport, Musique, Voyage, Cinéma, Jeux vidéo, Bénévolat",Physique,Biologie,"Communication, Travail en équipe, Gestion du temps, Adaptabilité, Créativité, Résolution de problèmes, Leadership, Empathie, Esprit critique, Autonomie",Economie,8,3
24,Rabat,,Femme,Sciences Physiques,"16,98","13,9","16,14",Avancé,Avancé,"Lecture, Musique, Voyage, Cinéma, Jeux vidéo, Bénévolat, Technologie (programmation, bricolage électronique, etc.), Ecriture, Photographie",Mathématiques,Histoire,"Communication, Travail en équipe, Gestion du temps, Adaptabilité, Créativité, Résolution de problèmes, Leadership, Empathie, Esprit critique, Autonomie",Ingénierie,10,5
22,Taroudant,,Homme,Sciences Physiques,"16,42","16,92","16,67",Intermédiaire,Intermédiaire,"Sport, Voyage, Bénévolat",Informatique,Littérature,"Communication, Travail en équipe, Gestion du temps, Adaptabilité, Créativité, Résolution de problèmes, Leadership, Empathie, Esprit critique, Autonomie",Informatique,8,5
18,Agadir,,Femme,Sciences Physiques,12,15,12,Fluent,Fluent,"Lecture, Sport, Musique, Voyage, Cinéma, Bénévolat, Technologie (programmation, bricolage électronique, etc.), Ecriture",Langues,Physique,"Communication, Travail en équipe, Gestion du temps, Adaptabilité, Créativité, Résolution de problèmes, Leadership, Empathie, Esprit critique, Autonomie",Ingénierie,8,3
19,Salé,,Homme,Sciences Physiques,11,15,13,Avancé,Fluent,"Technologie (programmation, bricolage électronique, etc.)",Physique,None,"Communication, Travail en équipe, Gestion du temps, Adaptabilité, Créativité, Résolution de problèmes, Leadership, Esprit critique",Physique,8,4
23,Ouazzane,,Homme,Sciences Physiques,"18,03","13,5","16,81",Intermédiaire,Intermédiaire,"Lecture, Musique",Physique,Histoire,"Communication, Travail en équipe, Gestion du temps, Adaptabilité, Créativité, Résolution de problèmes, Leadership, Esprit critique, Autonomie",Ingénierie,8,5
31,Meknes,,Femme,Sciences Physiques,"17,4","13,4","16,11",Avancé,Intermédiaire,Dormir,Chimie,Histoire,"Communication, Travail en équipe, Gestion du temps, Adaptabilité, Empathie, Autonomie",Chimie,8,4
19,Fes,,Homme,Sciences Mathématiques,15,17,"16,67",Fluent,Avancé,"Lecture, Sport, Voyage, Jeux vidéo, Arts plastiques (peinture, dessin, sculpture, etc.), Technologie (programmation, bricolage électronique, etc.)",Histoire,Physique,"Communication, Travail en équipe, Gestion du temps, Adaptabilité, Esprit critique, Autonomie",Economie,8,5
21,Salé,,Femme,Sciences Physiques,"16,7","17,85",17,Fluent,Avancé,"Lecture, Musique, Voyage, Cinéma, Bénévolat",Mathématiques,Histoire,"Communication, Travail en équipe, Gestion du temps, Adaptabilité, Leadership, Autonomie",Ingénierie,10,5
22,Sefrou,,Femme,Sciences Économiques,"12,6","13,25","13,51",Avancé,Débutant,"Musique, Voyage",Langues,Histoire,"Communication, Travail en équipe, Gestion du temps, Adaptabilité, Résolution de problèmes, Leadership",Economie,8,4
20,Midelt,,Homme,Sciences Physiques,"16,47","16,5","16,7",Avancé,Intermédiaire,"Sport, Voyage, Jeux vidéo, Technologie (programmation, bricolage électronique, etc.)",Physique,Mathématiques,"Communication, Travail en équipe, Gestion du temps, Créativité, Esprit critique",Informatique,7,3
24,Rabat,,Femme,Sciences Physiques,"15,01","16,31","15,51",Avancé,Intermédiaire,"Voyage, Arts plastiques (peinture, dessin, sculpture, etc.), Bénévolat, Technologie (programmation, bricolage électronique, etc.)",Informatique,Histoire,"Communication, Travail en équipe, Gestion du temps, Créativité, Leadership",Economie,8,5
21,Rabat,,Femme,Sciences Mathématiques,"12,75","16,17","14,75",Avancé,Intermédiaire,"Sport, Voyage, Arts plastiques (peinture, dessin, sculpture, etc.), Photographie",Mathématiques,Histoire,"Communication, Travail en équipe, Gestion du temps, Créativité, Leadership",Ingénierie,8,4
24,Khouribga,,Femme,Sciences Physiques,17,17,17,Avancé,Avancé,"Lecture, Musique, Technologie (programmation, bricolage électronique, etc.)",Informatique,Physique,"Communication, Travail en équipe, Gestion du temps, Créativité, Résolution de problèmes, Leadership, Autonomie",Informatique,9,5
23,Fes,,Femme,Sciences Physiques,"16,49","17,68","17,06",Fluent,Intermédiaire,"Musique, Voyage",Physique,None,"Communication, Travail en équipe, Gestion du temps, Leadership, Autonomie",Ingénierie,9,5
21,Casablanca,,Homme,Sciences Humaines,16,15,15,Avancé,Avancé,"Sport, Musique, Voyage, Jeux vidéo, Ecriture",Langues,Physique,"Communication, Travail en équipe, Gestion du temps, Résolution de problèmes, Leadership, Esprit critique",Sciences politiques,6,3
22,Rabat,,Homme,Sciences Physiques,12,12,"12,64",Intermédiaire,Avancé,"Musique, Voyage, Jeux vidéo, Bénévolat, Photographie",Langues,Physique,"Communication, Travail en équipe, Leadership",Economie,7,5
20,Tétouan ,,Homme,Sciences Physiques,10,11,"10,27",Intermédiaire,Intermédiaire,"Sport, Voyage, Technologie (programmation, bricolage électronique, etc.)",Informatique,Littérature,"Communication, Travail en équipe, Résolution de problèmes",Economie,7,2
23,Fes,,Homme,Sciences Physiques,"13,5","15,5",13,Avancé,Intermédiaire,"Lecture, Sport, Musique, Voyage, Photographie",Physique,Mathématiques,"Communication, Travail en équipe, Résolution de problèmes, Leadership, Empathie, Esprit critique, Autonomie",Ingénierie,6,4
25,Fes,,Femme,Sciences Physiques,"12,2","14,85","11,6",Intermédiaire,Débutant,"Arts plastiques (peinture, dessin, sculpture, etc.)",Langues,Physique,Créativité,Arts et design,7,5
20,Tétouan ,,Femme,Sciences de la Vie et de la Terre,"7,98","15,7","11,92",Avancé,Intermédiaire,Voyage,Hydraulique,Statistiques,Créativité,Ingénierie,6,4
25,Khouribga,,Femme,Sciences Physiques,12,"16,9","13,23",Avancé,Intermédiaire,"Musique, Voyage, Cinéma, Photographie",Biologie,None,"Créativité, Empathie, Autonomie",Biologie,7,3
18,El Hajeb,,Homme,Sciences Économiques,"10,15","13,45","11,77",Intermédiaire,Avancé,"Musique, Jeux vidéo, Arts plastiques (peinture, dessin, sculpture, etc.)",Art,Histoire,"Créativité, Esprit critique, Aghlab hadchy maandish w 3ndi rohab jtima3i hhhhh",Economie,3,2
20,Ain Taoujdate,,Femme,Lettres,"16,83","12,86","15,86",Intermédiaire,Avancé,"Musique, Arts plastiques (peinture, dessin, sculpture, etc.), Photographie",Histoire,Mathématiques,"Créativité, Résolution de problèmes, Esprit critique",Arts et design,2,1
19,Oujda,,Femme,Sciences Physiques,"12,1",13,"12,1",Avancé,Avancé,"Lecture, Sport, Musique, Voyage, Cinéma, Arts plastiques (peinture, dessin, sculpture, etc.), Technologie (programmation, bricolage électronique, etc.)",Mathématiques,Biologie,"Créativité, Résolution de problèmes, Leadership",Éducation,9,3
19,Ain Dorij,,Homme,Sciences Physiques,"13,6","17,75","15,41",Intermédiaire,Intermédiaire,"Sport, Jeux vidéo, Arts plastiques (peinture, dessin, sculpture, etc.), Ecriture, Chess",Mathématiques,Biologie,"Créativité, Résolution de problèmes, Leadership, Esprit critique",Economie,4,2
23,Fes,,Homme,Sciences Physiques,"13,5","13,5","13,5",Avancé,Intermédiaire,"Sport, Musique, Voyage, Cinéma, Jeux vidéo",Informatique,Biologie,"Empathie, Esprit critique",Physique,7,2
19,Meknes,,Homme,Sciences Physiques,"15,14","13,5","15,04",Intermédiaire,Débutant,"Sport, Jeux vidéo, Arts plastiques (peinture, dessin, sculpture, etc.), Technologie (programmation, bricolage électronique, etc.)",Informatique,Langues,"Gestion du temps, Adaptabilité, Créativité, Résolution de problèmes",Informatique,6,4
19,Fes,,Femme,Sciences Physiques,"14,35","16,5","15,31",Avancé,Intermédiaire,"Sport, Musique, Voyage, Technologie (programmation, bricolage électronique, etc.), Photographie",Mathématiques,Histoire,"Gestion du temps, Adaptabilité, Créativité, Résolution de problèmes, Autonomie",Economie,8,5
21,Casablanca,,Femme,Sciences de Gestion Comptable,"11,82","12,12",11,Avancé,Intermédiaire,Lecture,Philosofie,None,"Gestion du temps, Adaptabilité, Créativité, Résolution de problèmes, Autonomie",Economie,5,3
28,Fes,,Homme,Sciences de la Vie et de la Terre,13,15,14,Intermédiaire,Fluent,"Lecture, Cinéma, Jeux vidéo",Langues,Physique,"Gestion du temps, Adaptabilité, Leadership",Sciences humaines et sociales,7,5
20,Fes,,Homme,Sciences et Technologies Électriques,"15,76","16,55","15,75",Avancé,Avancé,"Sport, Jeux vidéo, Technologie (programmation, bricolage électronique, etc.)",Informatique,Histoire,"Gestion du temps, Leadership",Informatique,8,5
31,Meknes,,Homme,Sciences Mathématiques,"12,5","10,5","11,85",Intermédiaire,Intermédiaire,"Sport, Technologie (programmation, bricolage électronique, etc.)",Mathématiques,Littérature,Leadership,Ingénierie,7,4
20,Midelt,,Femme,Sciences Physiques,"15,37","15,95","15,77",Avancé,Intermédiaire,"Lecture, Musique, Voyage",Informatique,Histoire,Résolution de problèmes,Réseau,9,4
21,Tantan,,Homme,Sciences Mathématiques,15,"14,5","15,3",Débutant,Débutant,Sport,Mathématiques,Littérature,Résolution de problèmes,Mathématiques appliquées,6,3
30,Salé,,Femme,Sciences Économiques,15,"6,86","11,45",Intermédiaire,Intermédiaire,Cinéma,Physique,Mathématiques,Résolution de problèmes,Economie,8,4
32,Immouzzer Kandar,,Femme,Sciences Physiques,"12,4",10,"11,8",Avancé,Intermédiaire,"Lecture, Sport, Cuisson",Physique,Chimie,"Résolution de problèmes, Esprit critique",Physique,7,4
20,Fes,,Homme,Sciences Physiques,"14,05","10,75","14,5",Intermédiaire,Avancé,"Musique, Jeux vidéo, Technologie (programmation, bricolage électronique, etc.), Photographie",Informatique,Physique,"Résolution de problèmes, Esprit critique",Informatique,9,5
21,Fes,,Femme,Sciences Physiques,"15,17","17,1","16,13",Avancé,Avancé,"Arts plastiques (peinture, dessin, sculpture, etc.), Technologie (programmation, bricolage électronique, etc.)",Informatique,Histoire,Travail en équipe,Ingénierie,8,4
31,El Hajeb,,Femme,Sciences de la Vie et de la Terre,14,12,13,Intermédiaire,Débutant,"Lecture, Musique, Cinéma",Informatique,Histoire,Travail en équipe,Biologie,5,2
20,Salé,,Homme,Sciences Économiques,14,13,15,Avancé,Intermédiaire,Sport,Mathématiques,Littérature,Travail en équipe,Economie,8,4
18,Sefrou,,Femme,Sciences de Gestion Comptable,"14,67","16,48","15,52",Avancé,Intermédiaire,"Musique, Voyage, Photographie",Comptabilité,Mathématiques,Travail en équipe,Economie,8,4
23,El Hajeb,,Femme,Sciences Physiques,17,"14,4","16,65",Intermédiaire,Intermédiaire,"Sport, Voyage, Photographie",Physique,Langues,"Travail en équipe, Adaptabilité",Ingénierie,7,4
21,Berkane ,,Homme,Sciences Physiques,"15,57","15,5","15,54",Avancé,Intermédiaire,Sport,Informatique,Littérature,"Travail en équipe, Adaptabilité",Informatique,7,4
18,Fes,,Femme,Sciences Économiques,"15,58","16,98",16,Avancé,Intermédiaire,"Voyage, Jeux vidéo, Arts plastiques (peinture, dessin, sculpture, etc.), Photographie",Informatique,Mathématiques,"Travail en équipe, Adaptabilité, Autonomie",Economie,7,4
21,Tanger,,Femme,Sciences Physiques,"14,28","17,75","17,39",Avancé,Intermédiaire,"Lecture, Voyage, Technologie (programmation, bricolage électronique, etc.), Ecriture, Photographie",Mathématiques,Chimie,"Travail en équipe, Adaptabilité, Créativité, Leadership, Autonomie",Ingénierie,8,4
20,Berkane ,,Femme,Sciences Physiques,"13,58","13,9","14,58",Intermédiaire,Intermédiaire,"Lecture, Sport",Mathématiques,Histoire,"Travail en équipe, Adaptabilité, Créativité, Résolution de problèmes",Informatique,5,4
18,Fes,,Femme,Sciences Physiques,"13,56","16,2","15,33",Avancé,Intermédiaire,"Sport, Voyage, Arts plastiques (peinture, dessin, sculpture, etc.)",Informatique,None,"Travail en équipe, Adaptabilité, Créativité, Résolution de problèmes",Informatique,7,5
23,Rabat,,Homme,Sciences Mathématiques,11,14,12,Avancé,Avancé,"Musique, Voyage, Jeux vidéo, Technologie (programmation, bricolage électronique, etc.)",Mathématiques,Biologie,"Travail en équipe, Adaptabilité, Créativité, Résolution de problèmes, Leadership, Autonomie",Informatique,9,5
21,Salé,,Femme,Sciences de la Vie et de la Terre,"15,14","17,2","16,4",Avancé,Avancé,"Sport, Voyage, Bénévolat, Photographie",Biologie,None,"Travail en équipe, Adaptabilité, Empathie",Biologie,8,4
21,Casablanca,,Femme,Sciences Mathématiques,"17,18","19,1","18,17",Avancé,Fluent,"Lecture, Ecriture",Informatique,None,"Travail en équipe, Adaptabilité, Empathie, Esprit critique",Informatique,7,5
20,Mohammedia,,Homme,Sciences Mathématiques,"12,35","18,5","14,89",Intermédiaire,Intermédiaire,"Musique, Cinéma, Technologie (programmation, bricolage électronique, etc.)",Informatique,Chimie,"Travail en équipe, Adaptabilité, Esprit critique",Ingénierie,6,2
22,Oujda,,Homme,Sciences Physiques,12,"9,96","12,93",Débutant,Intermédiaire,"Sport, Voyage, Cinéma, Jeux vidéo, Bénévolat, Photographie",Informatique,Mathématiques,"Travail en équipe, Adaptabilité, Esprit critique",Physique,5,1
20,Taza,,Homme,Sciences Mathématiques,"14,37","14,3","15,37",Intermédiaire,Avancé,"Lecture, Musique, Jeux vidéo, Technologie (programmation, bricolage électronique, etc.)",Informatique,Littérature,"Travail en équipe, Adaptabilité, Résolution de problèmes, Esprit critique, Autonomie",Informatique,8,5
24,Fes,,Femme,Sciences Physiques,"15,84","11,08","14,65",Intermédiaire,Intermédiaire,"Lecture, Sport, Musique, Voyage, Technologie (programmation, bricolage électronique, etc.)",Mathématiques,Histoire,"Travail en équipe, Adaptabilité, Résolution de problèmes, Leadership, Empathie",Ingénierie,8,4
22,Tétouan ,,Homme,Sciences et Technologies Électriques,"16,35",16,"16,35",Fluent,Intermédiaire,"Voyage, Arts plastiques (peinture, dessin, sculpture, etc.), Technologie (programmation, bricolage électronique, etc.), Photographie",Sciences d'ingénieur,Chimie,"Travail en équipe, Créativité, Résolution de problèmes, Leadership",Ingénierie,9,5
24,Rabat,,Femme,Sciences Mathématiques,14,16,15,Avancé,Débutant,"Lecture, Ecriture",Littérature,Histoire,"Travail en équipe, Gestion du temps",Ingénierie,8,4
18,Fes,,Femme,Sciences Physiques,"14,2","16,15","15,76",Avancé,Intermédiaire,"Lecture, Musique, Voyage",Mathématiques,Biologie,"Travail en équipe, Gestion du temps, Adaptabilité",Economie,8,4
21,Fes,,Homme,Sciences Économiques,14,14,15,Avancé,Avancé,"Sport, Jeux vidéo, Bénévolat",Histoire,Mathématiques,"Travail en équipe, Gestion du temps, Adaptabilité, Résolution de problèmes, Leadership",Economie,7,4
26,Fes,,Homme,Sciences Physiques,"14,52","13,9","14,77",Fluent,Avancé,"Sport, Voyage, Jeux vidéo, Bénévolat",Mathématiques,None,"Travail en équipe, Gestion du temps, Adaptabilité, Résolution de problèmes, Leadership, Autonomie",Ingénierie,9,4
20,Mohammedia,,Homme,Sciences Physiques,13,"14,8",14,Avancé,Débutant,Sport,Physique,Littérature,"Travail en équipe, Gestion du temps, Autonomie",Ingénierie,6,4
22,Fes,,Femme,Sciences Physiques,"16,77","15,65","16,67",Avancé,Avancé,"Arts plastiques (peinture, dessin, sculpture, etc.), Bénévolat, Photographie",Mathématiques,Histoire,"Travail en équipe, Gestion du temps, Créativité, Autonomie",Ingénierie,9,5
22,Agadir,,Homme,Sciences Physiques,"17,21","17,31","17,15",Intermédiaire,Avancé,"Sport, Musique, Voyage, Cinéma, Jeux vidéo, Technologie (programmation, bricolage électronique, etc.)",Physique,Littérature,"Travail en équipe, Gestion du temps, Créativité, Esprit critique",Informatique,8,4
21,Larache,,Femme,Sciences Physiques,"13,89","16,25","15,75",Avancé,Intermédiaire,"Musique, Voyage, Cinéma",Langues,Histoire,"Travail en équipe, Gestion du temps, Créativité, Résolution de problèmes, Leadership",Informatique,1,2
18,Fes,,Femme,Sciences Physiques,"14,58","17,1","16,06",Avancé,Intermédiaire,"Lecture, Musique, Photographie",Biologie,Mathématiques,"Travail en équipe, Gestion du temps, Esprit critique",Economie,7,4
19,Meknes,,Femme,Sciences Économiques,"16,18","15,63","16,45",Intermédiaire,Intermédiaire,Auto Sport,comptabilité,Langues,"Travail en équipe, Gestion du temps, Résolution de problèmes, Esprit critique, Autonomie",Economie,7,5
18,Casablanca,,Femme,Sciences Économiques,"15,46","16,6","16,34",Avancé,Fluent,"Lecture, Musique, Cinéma, Jeux vidéo, Ecriture, Photographie",Langues,Mathématiques,"Travail en équipe, Gestion du temps, Résolution de problèmes, Esprit critique, Autonomie",Economie,8,5
20,Casablanca,,Homme,Sciences Mathématiques,13,11,13,Intermédiaire,Avancé,"Lecture, Technologie (programmation, bricolage électronique, etc.)",Informatique,None,"Travail en équipe, Leadership",Informatique,7,5
31,Salé,,Homme,Lettres,11,10,11,Intermédiaire,Avancé,"Musique, Voyage",Langues,None,"Travail en équipe, Leadership",Droit,4,3
18,Rabat,,Homme,Sciences Économiques,"12,52","15,95","14,08",Intermédiaire,Avancé,"Sport, Musique, Voyage",Histoire,Mathématiques,"Travail en équipe, Leadership, Empathie",Economie,8,5
19,Rich,,Homme,Sciences Physiques,12,15,14,Intermédiaire,Intermédiaire,"Sport, Musique, Voyage, Jeux vidéo",Informatique,Littérature,"Travail en équipe, Résolution de problèmes",Informatique,7,5
22,Fes,,Homme,Sciences Mathématiques,"10,92","13,9","12,65",Intermédiaire,Intermédiaire,"Sport, Voyage, Technologie (programmation, bricolage électronique, etc.), Photographie",Informatique,Biologie,"Travail en équipe, Résolution de problèmes, Empathie",Informatique,7,3
23,Béni Mellal ,,Homme,Lettres,"16,73",16,16,Intermédiaire,Intermédiaire,"Lecture, Sport, Musique, Voyage, Cinéma",Littérature,Littérature,"Travail en équipe, Résolution de problèmes, Esprit critique",Sciences humaines et sociales,7,3
20,Fes,,Homme,Sciences Physiques,"14,5","15,5",15,Intermédiaire,Intermédiaire,"Lecture, Sport",Informatique,None,"Travail en équipe, Résolution de problèmes, Esprit critique",Informatique,8,5